"401K Breaker","Ameer Abdullah","RB","---","starter"
"401K Breaker","Alexander Mattison","RB","MIA","starter"
"401K Breaker","Jakobi Meyers","WR","LV","starter"
"401K Breaker","Cedric Tillman","WR","CLE","starter"
"401K Breaker","Durham Smythe","TE","CHI","starter"
"401K Breaker","Cameron Dicker","K","LAC","starter"
"401K Breaker","Harrison Phillips","DL","MIN","starter"
"401K Breaker","Lavonte David","LB","TB","starter"
"401K Breaker","Jamel Dean","DB","TB","starter"
"401K Breaker","Jordan Poyer","DB","MIA","starter"
"401K Breaker","Andy Dalton","QB","CAR","bench"
"401K Breaker","Jimmy Garoppolo","QB","LAR","bench"
"401K Breaker","Case Keenum","QB","CHI","bench"
"401K Breaker","Devin Leary","QB","BAL","bench"
"401K Breaker","Drew Lock","QB","SEA","bench"
"401K Breaker","Jalen Milroe","QB","SEA","bench"
"401K Breaker","Aidan O'Connell","QB","LV","bench"
"401K Breaker","Michael Pratt","QB","TB","bench"
"401K Breaker","Desmond Ridder","QB","---","bench"
"401K Breaker","Rasheen Ali","RB","BAL","bench"
"401K Breaker","Jaydon Blue","RB","DAL","bench"
"401K Breaker","Jacory Croskey-Merritt","RB","WAS","bench"
"401K Breaker","Tyrion Davis-Price","RB","TEN","bench"
"401K Breaker","Daijun Edwards","RB","PIT","bench"
"401K Breaker","Kenneth Gainwell","RB","PIT","bench"
"401K Breaker","Ollie Gordon II","RB","MIA","bench"
"401K Breaker","Joshua Kelley","RB","---","bench"
"401K Breaker","Dylan Laube","RB","LV","bench"
"401K Breaker","Kendall Milton","RB","CIN","bench"
"401K Breaker","Samaje Perine","RB","CIN","bench"
"401K Breaker","Javon Baker","WR","NE","bench"
"401K Breaker","Tyler Boyd","WR","---","bench"
"401K Breaker","Treylon Burks","WR","TEN","bench"
"401K Breaker","Amari Cooper","WR","---","bench"
"401K Breaker","Malachi Corley","WR","NYJ","bench"
"401K Breaker","Tory Horton","WR","SEA","bench"
"401K Breaker","Jha'Quan Jackson","WR","TEN","bench"
"401K Breaker","Tez Johnson","WR","TB","bench"
"401K Breaker","Adonai Mitchell","WR","IND","bench"
"401K Breaker","Rondale Moore","WR","MIN","bench"
"401K Breaker","Skyy Moore","WR","KC","bench"
"401K Breaker","Nick Nash","WR","ATL","bench"
"401K Breaker","Jalen Royals","WR","KC","bench"
"401K Breaker","Ben Skowronek","WR","PIT","bench"
"401K Breaker","JuJu Smith-Schuster","WR","KC","bench"
"401K Breaker","Roman Wilson","WR","PIT","bench"
"401K Breaker","Jaheim Bell","TE","NE","bench"
"401K Breaker","Daniel Bellinger","TE","NYG","bench"
"401K Breaker","Tyler Higbee","TE","LAR","bench"
"401K Breaker","Foster Moreau","TE","NO","bench"
"401K Breaker","Jake Bates","K","DET","bench"
"401K Breaker","Nick Folk","K","---","bench"
"401K Breaker","Denzel Perryman","LB","LAC","bench"
"Bird Gang","Justin Herbert","QB","LAC","starter"
"Bird Gang","Chase Brown","RB","CIN","starter"
"Bird Gang","Joe Mixon","RB","HOU","starter"
"Bird Gang","A.J. Brown","WR","PHI","starter"
"Bird Gang","D.J. Moore","WR","CHI","starter"
"Bird Gang","Khalil Shakir","WR","BUF","starter"
"Bird Gang","Jake Ferguson","TE","DAL","starter"
"Bird Gang","Harrison Butker","K","KC","starter"
"Bird Gang","Kayvon Thibodeaux","DL","NYG","starter"
"Bird Gang","Azeez Al-Shaair","LB","HOU","starter"
"Bird Gang","Jonathon Cooper","LB","DEN","starter"
"Bird Gang","EJ Speed","LB","HOU","starter"
"Bird Gang","Jahlani Tavai","LB","NE","starter"
"Bird Gang","Logan Wilson","LB","CIN","starter"
"Bird Gang","Kevin Byard","DB","CHI","starter"
"Bird Gang","Brandon Jones","DB","DEN","starter"
"Bird Gang","Stetson Bennett","QB","LAR","bench"
"Bird Gang","Dillon Gabriel","QB","CLE","bench"
"Bird Gang","Joe Milton III","QB","DAL","bench"
"Bird Gang","Russell Wilson","QB","NYG","bench"
"Bird Gang","Braelon Allen","RB","NYJ","bench"
"Bird Gang","Travis Etienne","RB","JAX","bench"
"Bird Gang","Ty Johnson","RB","BUF","bench"
"Bird Gang","Corey Kiner","RB","SF","bench"
"Bird Gang","Jordan Mason","RB","MIN","bench"
"Bird Gang","Jordan Mims","RB","TEN","bench"
"Bird Gang","Keaton Mitchell","RB","BAL","bench"
"Bird Gang","D'Andre Swift","RB","CHI","bench"
"Bird Gang","Charlie Jones","WR","CIN","bench"
"Bird Gang","Dominic Lovett","WR","DET","bench"
"Bird Gang","John Metchie III","WR","HOU","bench"
"Bird Gang","Michael Pittman Jr.","WR","IND","bench"
"Bird Gang","Josh Reynolds","WR","NYJ","bench"
"Bird Gang","Tyler Scott","WR","CHI","bench"
"Bird Gang","LaJohntay Wester","WR","BAL","bench"
"Bird Gang","Michael Wilson","WR","ARI","bench"
"Bird Gang","Erick All","TE","CIN","bench"
"Bird Gang","Harrison Bryant","TE","PHI","bench"
"Bird Gang","Devin Culp","TE","TB","bench"
"Bird Gang","Mitchell Evans","TE","CAR","bench"
"Bird Gang","Taysom Hill","TE","NO","bench"
"Bird Gang","Juwan Johnson","TE","NO","bench"
"Bird Gang","Luke Schoonmaker","TE","DAL","bench"
"Bird Gang","Tommy Tremble","TE","CAR","bench"
"Bird Gang","Jelani Woods","TE","IND","bench"
"Bird Gang","Anders Carlson","K","NYJ","bench"
"Bird Gang","Caden Davis","K","NYJ","bench"
"Bird Gang","Justin Tucker","K","---","bench"
"Bird Gang","Matthew Wright","K","CAR","bench"
"Bird Gang","Justin Madubuike","DL","BAL","bench"
"Bird Gang","Anfernee Jennings","LB","NE","bench"
"Bird Gang","Jahdae Barron","DB","DEN","bench"
"Bird Gang","Christian Gonzalez","DB","NE","bench"
"Burd is the Word","Jared Goff","QB","DET","starter"
"Burd is the Word","Bucky Irving","RB","TB","starter"
"Burd is the Word","Kyren Williams","RB","LAR","starter"
"Burd is the Word","Drake London","WR","ATL","starter"
"Burd is the Word","Puka Nacua","WR","LAR","starter"
"Burd is the Word","Jaxon Smith-Njigba","WR","SEA","starter"
"Burd is the Word","Brock Bowers","TE","LV","starter"
"Burd is the Word","Chris Boswell","K","PIT","starter"
"Burd is the Word","Jonathan Greenard","DL","MIN","starter"
"Burd is the Word","Zack Baun","LB","PHI","starter"
"Burd is the Word","Kaden Elliss","LB","ATL","starter"
"Burd is the Word","Jamien Sherwood","LB","NYJ","starter"
"Burd is the Word","Robert Spillane","LB","NE","starter"
"Burd is the Word","Bobby Wagner","LB","WAS","starter"
"Burd is the Word","Fred Warner","LB","SF","starter"
"Burd is the Word","Nick Cross","DB","IND","starter"
"Burd is the Word","Drake Maye","QB","NE","bench"
"Burd is the Word","Trey Benson","RB","ARI","bench"
"Burd is the Word","Tank Bigsby","RB","JAX","bench"
"Burd is the Word","Jonathon Brooks","RB","CAR","bench"
"Burd is the Word","Rico Dowdle","RB","CAR","bench"
"Burd is the Word","Kareem Hunt","RB","KC","bench"
"Burd is the Word","Kaleb Johnson","RB","PIT","bench"
"Burd is the Word","Roschon Johnson","RB","CHI","bench"
"Burd is the Word","Aaron Jones","RB","MIN","bench"
"Burd is the Word","Jaylen Warren","RB","PIT","bench"
"Burd is the Word","Jacob Cowing","WR","SF","bench"
"Burd is the Word","Tai Felton","WR","MIN","bench"
"Burd is the Word","Tre Harris","WR","LAC","bench"
"Burd is the Word","Marvin Harrison Jr.","WR","ARI","bench"
"Burd is the Word","Quentin Johnston","WR","LAC","bench"
"Burd is the Word","KeAndre Lambert-Smith","WR","LAC","bench"
"Burd is the Word","Jayden Reed","WR","GB","bench"
"Burd is the Word","Hunter Renfrow","WR","CAR","bench"
"Burd is the Word","Wan'Dale Robinson","WR","NYG","bench"
"Burd is the Word","Jameson Williams","WR","DET","bench"
"Burd is the Word","AJ Barner","TE","SEA","bench"
"Burd is the Word","Cole Kmet","TE","CHI","bench"
"Burd is the Word","Cade Otton","TE","TB","bench"
"Burd is the Word","Blake Grupe","K","NO","bench"
"Burd is the Word","Spencer Shrader","K","IND","bench"
"Burd is the Word","Derrick Brown","DL","CAR","bench"
"Burd is the Word","Carl Granderson","DL","NO","bench"
"Burd is the Word","Keion White","DL","NE","bench"
"Burd is the Word","Terrel Bernard","LB","BUF","bench"
"Burd is the Word","Blake Cashman","LB","MIN","bench"
"Burd is the Word","Alex Highsmith","LB","PIT","bench"
"Burd is the Word","Frankie Luvu","LB","WAS","bench"
"Burd is the Word","Alex Singleton","LB","DEN","bench"
"Burd is the Word","Kyzir White","LB","ARI","bench"
"Crackers","Geno Smith","QB","LV","starter"
"Crackers","Zach Charbonnet","RB","SEA","starter"
"Crackers","Jahmyr Gibbs","RB","DET","starter"
"Crackers","Tony Pollard","RB","TEN","starter"
"Crackers","Terry McLaurin","WR","WAS","starter"
"Crackers","Garrett Wilson","WR","NYJ","starter"
"Crackers","Grant Calcaterra","TE","PHI","starter"
"Crackers","Wil Lutz","K","DEN","starter"
"Crackers","Joey Bosa","DL","BUF","starter"
"Crackers","Bryan Bresee","DL","NO","starter"
"Crackers","Nolan Smith","DL","PHI","starter"
"Crackers","Lukas Van Ness","DL","GB","starter"
"Crackers","Travon Walker","DL","JAX","starter"
"Crackers","Rashan Gary","LB","GB","starter"
"Crackers","Brian Branch","DB","DET","starter"
"Crackers","Chauncey Gardner-Johnson","DB","HOU","starter"
"Crackers","Joshua Dobbs","QB","NE","bench"
"Crackers","Dak Prescott","QB","DAL","bench"
"Crackers","Cam Ward","QB","TEN","bench"
"Crackers","Antonio Gibson","RB","NE","bench"
"Crackers","Devin Neal","RB","NO","bench"
"Crackers","Elic Ayomanor","WR","TEN","bench"
"Crackers","Noah Brown","WR","WAS","bench"
"Crackers","Brandin Cooks","WR","NO","bench"
"Crackers","Greg Dortch","WR","ARI","bench"
"Crackers","Christian Kirk","WR","HOU","bench"
"Crackers","Jaylin Lane","WR","WAS","bench"
"Crackers","Tyler Lockett","WR","TEN","bench"
"Crackers","Jackson Meeks","WR","DET","bench"
"Crackers","Jonathan Mingo","WR","DAL","bench"
"Crackers","Curtis Samuel","WR","BUF","bench"
"Crackers","Davis Allen","TE","LAR","bench"
"Crackers","CJ Dippre","TE","NE","bench"
"Crackers","Terrance Ferguson","TE","LAR","bench"
"Crackers","Hunter Henry","TE","NE","bench"
"Crackers","Dalton Kincaid","TE","BUF","bench"
"Crackers","Darnell Washington","TE","PIT","bench"
"Crackers","Josh Whyle","TE","TEN","bench"
"Crackers","Maddux Trujillo","K","IND","bench"
"Crackers","Donovan Ezeiruaku","DL","DAL","bench"
"Crackers","Mason Graham","DL","CLE","bench"
"Crackers","Jer'Zhan Newton","DL","WAS","bench"
"Crackers","Emmanuel Ogbah","DL","JAX","bench"
"Crackers","Ed Oliver","DL","BUF","bench"
"Crackers","James Pearce Jr.","DL","ATL","bench"
"Crackers","Dallas Turner","DL","MIN","bench"
"Crackers","Princely Umanmielen","DL","CAR","bench"
"Crackers","Eric Kendricks","LB","DAL","bench"
"Crackers","Nick Martin","LB","SF","bench"
"Crackers","DaRon Bland","DB","DAL","bench"
"Crackers","Sydney Brown","DB","PHI","bench"
"Crackers","Jalen Pitre","DB","HOU","bench"
"Cuzzo","Matthew Stafford","QB","LAR","starter"
"Cuzzo","Chuba Hubbard","RB","CAR","starter"
"Cuzzo","Davante Adams","WR","LAR","starter"
"Cuzzo","Tee Higgins","WR","CIN","starter"
"Cuzzo","Justin Jefferson","WR","MIN","starter"
"Cuzzo","Jerry Jeudy","WR","CLE","starter"
"Cuzzo","Sam LaPorta","TE","DET","starter"
"Cuzzo","Ka'imi Fairbairn","K","HOU","starter"
"Cuzzo","Josh Allen","DL","JAX","starter"
"Cuzzo","George Karlaftis","DL","KC","starter"
"Cuzzo","A'Shawn Robinson","DL","CAR","starter"
"Cuzzo","Nick Bolton","LB","KC","starter"
"Cuzzo","Nik Bonitto","LB","DEN","starter"
"Cuzzo","Devin Lloyd","LB","JAX","starter"
"Cuzzo","Quincy Williams","LB","NYJ","starter"
"Cuzzo","Paulson Adebo","DB","NYG","starter"
"Cuzzo","Hendon Hooker","QB","DET","bench"
"Cuzzo","Will Howard","QB","PIT","bench"
"Cuzzo","Sam Howell","QB","MIN","bench"
"Cuzzo","Daniel Jones","QB","IND","bench"
"Cuzzo","Marcus Mariota","QB","WAS","bench"
"Cuzzo","Kurtis Rourke","QB","SF","bench"
"Cuzzo","Tyler Shough","QB","NO","bench"
"Cuzzo","Jameis Winston","QB","NYG","bench"
"Cuzzo","Cam Akers","RB","NO","bench"
"Cuzzo","Isaiah Davis","RB","NYJ","bench"
"Cuzzo","Ray Davis","RB","BUF","bench"
"Cuzzo","Austin Ekeler","RB","WAS","bench"
"Cuzzo","DJ Giddens","RB","IND","bench"
"Cuzzo","Kyle Monangai","RB","CHI","bench"
"Cuzzo","David Montgomery","RB","DET","bench"
"Cuzzo","Devin Singletary","RB","NYG","bench"
"Cuzzo","Keenan Allen","WR","---","bench"
"Cuzzo","Pat Bryant","WR","DEN","bench"
"Cuzzo","Jalin Hyatt","WR","NYG","bench"
"Cuzzo","Bub Means","WR","NO","bench"
"Cuzzo","Malik Washington","WR","MIA","bench"
"Cuzzo","Dallas Goedert","TE","PHI","bench"
"Cuzzo","Kylen Granson","TE","PHI","bench"
"Cuzzo","Noah Gray","TE","KC","bench"
"Cuzzo","Luke Lachey","TE","HOU","bench"
"Cuzzo","Caleb Lohner","TE","DEN","bench"
"Cuzzo","Zane Gonzalez","K","---","bench"
"Cuzzo","Will Reichard","K","MIN","bench"
"Cuzzo","Austin Seibert","K","---","bench"
"Cuzzo","Zach Allen","DL","DEN","bench"
"Cuzzo","Will McDonald IV","DL","NYJ","bench"
"Cuzzo","Isaiah Simmons","LB","GB","bench"
"Cuzzo","Henry To'oTo'o","LB","HOU","bench"
"Cuzzo","Quay Walker","LB","GB","bench"
"Cuzzo","Nick Emmanwori","DB","SEA","bench"
"Cuzzo","Xavier Watts","DB","ATL","bench"
"Cuzzo","Antoine Winfield Jr.","DB","TB","bench"
"Ghost of Derrick Thomas","Patrick Mahomes","QB","KC","starter"
"Ghost of Derrick Thomas","Kenneth Walker III","RB","SEA","starter"
"Ghost of Derrick Thomas","Tyreek Hill","WR","MIA","starter"
"Ghost of Derrick Thomas","CeeDee Lamb","WR","DAL","starter"
"Ghost of Derrick Thomas","Deebo Samuel","WR","WAS","starter"
"Ghost of Derrick Thomas","Evan Engram","TE","DEN","starter"
"Ghost of Derrick Thomas","Travis Kelce","TE","KC","starter"
"Ghost of Derrick Thomas","Jason Sanders","K","MIA","starter"
"Ghost of Derrick Thomas","Brian Burns","DL","NYG","starter"
"Ghost of Derrick Thomas","Aidan Hutchinson","DL","DET","starter"
"Ghost of Derrick Thomas","Dexter Lawrence","DL","NYG","starter"
"Ghost of Derrick Thomas","Jack Campbell","LB","DET","starter"
"Ghost of Derrick Thomas","Edgerrin Cooper","LB","GB","starter"
"Ghost of Derrick Thomas","Tremaine Edmunds","LB","CHI","starter"
"Ghost of Derrick Thomas","Dorian Williams","LB","BUF","starter"
"Ghost of Derrick Thomas","Harrison Smith","DB","MIN","starter"
"Ghost of Derrick Thomas","Bo Nix","QB","DEN","bench"
"Ghost of Derrick Thomas","Nick Chubb","RB","HOU","bench"
"Ghost of Derrick Thomas","Quinshon Judkins","RB","CLE","bench"
"Ghost of Derrick Thomas","Isiah Pacheco","RB","KC","bench"
"Ghost of Derrick Thomas","Cam Skattebo","RB","NYG","bench"
"Ghost of Derrick Thomas","Jauan Jennings","WR","SF","bench"
"Ghost of Derrick Thomas","Ray-Ray McCloud","WR","ATL","bench"
"Ghost of Derrick Thomas","Chris Olave","WR","NO","bench"
"Ghost of Derrick Thomas","Kalif Raymond","WR","DET","bench"
"Ghost of Derrick Thomas","Devaughn Vele","WR","DEN","bench"
"Ghost of Derrick Thomas","Gavin Bartholomew","TE","MIN","bench"
"Ghost of Derrick Thomas","Thomas Fidone II","TE","NYG","bench"
"Ghost of Derrick Thomas","Moliki Matavao","TE","NO","bench"
"Ghost of Derrick Thomas","Ryan Fitzgerald","K","CAR","bench"
"Ghost of Derrick Thomas","Cam Little","K","JAX","bench"
"Ghost of Derrick Thomas","Chad Ryland","K","ARI","bench"
"Ghost of Derrick Thomas","Greg Zuerlein","K","---","bench"
"Ghost of Derrick Thomas","Calijah Kancey","DL","TB","bench"
"Ghost of Derrick Thomas","Demarcus Lawrence","DL","SEA","bench"
"Ghost of Derrick Thomas","Oluwafemi Oladejo","DL","TEN","bench"
"Ghost of Derrick Thomas","Nic Scourton","DL","CAR","bench"
"Ghost of Derrick Thomas","Shemar Stewart","DL","CIN","bench"
"Ghost of Derrick Thomas","Montez Sweat","DL","CHI","bench"
"Ghost of Derrick Thomas","Mykel Williams","DL","SF","bench"
"Ghost of Derrick Thomas","Chase Young","DL","NO","bench"
"Ghost of Derrick Thomas","Junior Colson","LB","LAC","bench"
"Ghost of Derrick Thomas","Demetrius Knight Jr.","LB","CIN","bench"
"Ghost of Derrick Thomas","Micah McFadden","LB","NYG","bench"
"Ghost of Derrick Thomas","Bobby Okereke","LB","NYG","bench"
"Ghost of Derrick Thomas","Carson Schwesinger","LB","CLE","bench"
"Ghost of Derrick Thomas","Za'Darius Smith","LB","DET","bench"
"Ghost of Derrick Thomas","Mack Wilson","LB","ARI","bench"
"Ghost of Derrick Thomas","Tony Adams","DB","NYJ","bench"
"Ghost of Derrick Thomas","Minkah Fitzpatrick","DB","MIA","bench"
"Ghost of Derrick Thomas","Darius Slay","DB","PIT","bench"
"GoodFellas","Jalen Hurts","QB","PHI","starter"
"GoodFellas","Saquon Barkley","RB","PHI","starter"
"GoodFellas","Ashton Jeanty","RB","LV","starter"
"GoodFellas","Bijan Robinson","RB","ATL","starter"
"GoodFellas","Chris Godwin","WR","TB","starter"
"GoodFellas","Trey McBride","TE","ARI","starter"
"GoodFellas","Jonnu Smith","TE","PIT","starter"
"GoodFellas","Brandon Aubrey","K","DAL","starter"
"GoodFellas","YaYa Diaby","DL","TB","starter"
"GoodFellas","Danielle Hunter","DL","HOU","starter"
"GoodFellas","Jared Verse","DL","LAR","starter"
"GoodFellas","Byron Young","DL","LAR","starter"
"GoodFellas","Nakobe Dean","LB","PHI","starter"
"GoodFellas","Josey Jewell","LB","CAR","starter"
"GoodFellas","T.J. Watt","LB","PIT","starter"
"GoodFellas","Jaquan Brisker","DB","CHI","starter"
"GoodFellas","Tyson Bagent","QB","CHI","bench"
"GoodFellas","Jake Browning","QB","CIN","bench"
"GoodFellas","Kirk Cousins","QB","ATL","bench"
"GoodFellas","Joe Flacco","QB","CLE","bench"
"GoodFellas","Mac Jones","QB","SF","bench"
"GoodFellas","Will Levis","QB","TEN","bench"
"GoodFellas","Cam Miller","QB","LV","bench"
"GoodFellas","Caleb Williams","QB","CHI","bench"
"GoodFellas","James Conner","RB","ARI","bench"
"GoodFellas","Blake Corum","RB","LAR","bench"
"GoodFellas","MarShawn Lloyd","RB","GB","bench"
"GoodFellas","Miles Sanders","RB","DAL","bench"
"GoodFellas","Will Shipley","RB","PHI","bench"
"GoodFellas","Sean Tucker","RB","TB","bench"
"GoodFellas","Jordan Addison","WR","MIN","bench"
"GoodFellas","Kayshon Boutte","WR","NE","bench"
"GoodFellas","Jahan Dotson","WR","PHI","bench"
"GoodFellas","Rashid Shaheed","WR","NO","bench"
"GoodFellas","Parker Washington","WR","JAX","bench"
"GoodFellas","Harold Fannin Jr.","TE","CLE","bench"
"GoodFellas","Pat Freiermuth","TE","PIT","bench"
"GoodFellas","Mike Gesicki","TE","CIN","bench"
"GoodFellas","Isaiah Likely","TE","BAL","bench"
"GoodFellas","Ben Sinnott","TE","WAS","bench"
"GoodFellas","Daniel Carlson","K","LV","bench"
"GoodFellas","Abdul Carter","DL","NYG","bench"
"GoodFellas","Marcus Davenport","DL","DET","bench"
"GoodFellas","Mike Green","DL","BAL","bench"
"GoodFellas","Chop Robinson","DL","MIA","bench"
"GoodFellas","Darius Robinson","DL","ARI","bench"
"GoodFellas","Jack Sawyer","DL","PIT","bench"
"GoodFellas","Jihaad Campbell","LB","PHI","bench"
"GoodFellas","Nick Herbig","LB","PIT","bench"
"GoodFellas","Tyrice Knight","LB","SEA","bench"
"GoodFellas","Odafe Oweh","LB","BAL","bench"
"GoodFellas","Ji'Ayir Brown","DB","SF","bench"
"GoodFellas","Joey Porter Jr.","DB","PIT","bench"
"He Hate Covid","Josh Allen","QB","BUF","starter"
"He Hate Covid","Breece Hall","RB","NYJ","starter"
"He Hate Covid","Derrick Henry","RB","BAL","starter"
"He Hate Covid","Jonathan Taylor","RB","IND","starter"
"He Hate Covid","DeVonta Smith","WR","PHI","starter"
"He Hate Covid","George Kittle","TE","SF","starter"
"He Hate Covid","Tucker Kraft","TE","GB","starter"
"He Hate Covid","Tyler Bass","K","BUF","starter"
"He Hate Covid","Trey Hendrickson","DL","CIN","starter"
"He Hate Covid","Zach Sieler","DL","MIA","starter"
"He Hate Covid","Ernest Jones","LB","SEA","starter"
"He Hate Covid","Foyesade Oluokun","LB","JAX","starter"
"He Hate Covid","Roquan Smith","LB","BAL","starter"
"He Hate Covid","Kyle Hamilton","DB","BAL","starter"
"He Hate Covid","Marcus Jones","DB","NE","starter"
"He Hate Covid","Keisean Nixon","DB","GB","starter"
"He Hate Covid","Justin Fields","QB","NYJ","bench"
"He Hate Covid","Graham Mertz","QB","HOU","bench"
"He Hate Covid","Tyrod Taylor","QB","NYJ","bench"
"He Hate Covid","Mitchell Trubisky","QB","BUF","bench"
"He Hate Covid","Deshaun Watson","QB","CLE","bench"
"He Hate Covid","Malik Willis","QB","GB","bench"
"He Hate Covid","AJ Dillon","RB","PHI","bench"
"He Hate Covid","Isaac Guerendo","RB","SF","bench"
"He Hate Covid","Najee Harris","RB","LAC","bench"
"He Hate Covid","Phil Mafah","RB","DAL","bench"
"He Hate Covid","Tyrone Tracy Jr.","RB","NYG","bench"
"He Hate Covid","Javonte Williams","RB","DAL","bench"
"He Hate Covid","Elijhah Badger","WR","KC","bench"
"He Hate Covid","Jack Bech","WR","LV","bench"
"He Hate Covid","Dyami Brown","WR","JAX","bench"
"He Hate Covid","Stefon Diggs","WR","NE","bench"
"He Hate Covid","Romeo Doubs","WR","GB","bench"
"He Hate Covid","Jimmy Horn Jr.","WR","CAR","bench"
"He Hate Covid","Andrei Iosivas","WR","CIN","bench"
"He Hate Covid","Diontae Johnson","WR","CLE","bench"
"He Hate Covid","Cooper Kupp","WR","SEA","bench"
"He Hate Covid","Marvin Mims","WR","DEN","bench"
"He Hate Covid","Kaden Prather","WR","BUF","bench"
"He Hate Covid","Tre Tucker","WR","LV","bench"
"He Hate Covid","Jordan Whittington","WR","LAR","bench"
"He Hate Covid","Zach Ertz","TE","WAS","bench"
"He Hate Covid","Noah Fant","TE","SEA","bench"
"He Hate Covid","Michael Mayer","TE","LV","bench"
"He Hate Covid","Tip Reiman","TE","ARI","bench"
"He Hate Covid","Andres Borregales","K","NE","bench"
"He Hate Covid","Harrison Mevis","K","NYJ","bench"
"He Hate Covid","Cairo Santos","K","CHI","bench"
"He Hate Covid","Joseph Ossai","DL","CIN","bench"
"He Hate Covid","JT Tuimoloau","DL","IND","bench"
"He Hate Covid","Quinnen Williams","DL","NYJ","bench"
"He Hate Covid","Malaki Starks","DB","BAL","bench"
"Magoo","Joe Burrow","QB","CIN","starter"
"Magoo","James Cook","RB","BUF","starter"
"Magoo","Josh Jacobs","RB","GB","starter"
"Magoo","Ladd McConkey","WR","LAC","starter"
"Magoo","Amon-Ra St. Brown","WR","DET","starter"
"Magoo","Xavier Worthy","WR","KC","starter"
"Magoo","Chigoziem Okonkwo","TE","TEN","starter"
"Magoo","Brandon McManus","K","GB","starter"
"Magoo","DeForest Buckner","DL","IND","starter"
"Magoo","Maxx Crosby","DL","LV","starter"
"Magoo","Greg Rousseau","DL","BUF","starter"
"Magoo","Kobie Turner","DL","LAR","starter"
"Magoo","Tyrel Dodson","LB","MIA","starter"
"Magoo","Dre Greenlaw","LB","DEN","starter"
"Magoo","Daiyan Henley","LB","LAC","starter"
"Magoo","Julian Love","DB","SEA","starter"
"Magoo","Jordan Love","QB","GB","bench"
"Magoo","Mason Rudolph","QB","PIT","bench"
"Magoo","Bryce Young","QB","CAR","bench"
"Magoo","J.K. Dobbins","RB","DEN","bench"
"Magoo","Omarion Hampton","RB","LAC","bench"
"Magoo","Jarquez Hunter","RB","LAR","bench"
"Magoo","Dameon Pierce","RB","HOU","bench"
"Magoo","Raheim Sanders","RB","LAC","bench"
"Magoo","Tyjae Spears","RB","TEN","bench"
"Magoo","Rhamondre Stevenson","RB","NE","bench"
"Magoo","Bhayshul Tuten","RB","JAX","bench"
"Magoo","Jaylen Wright","RB","MIA","bench"
"Magoo","Matthew Golden","WR","GB","bench"
"Magoo","Tetairoa McMillan","WR","CAR","bench"
"Magoo","Elijah Moore","WR","BUF","bench"
"Magoo","Arian Smith","WR","NYJ","bench"
"Magoo","Courtland Sutton","WR","DEN","bench"
"Magoo","Dont'e Thornton Jr.","WR","LV","bench"
"Magoo","Jaylen Waddle","WR","MIA","bench"
"Magoo","Christian Watson","WR","GB","bench"
"Magoo","Jalin Conyers","TE","MIA","bench"
"Magoo","Elijah Higgins","TE","ARI","bench"
"Magoo","Luke Musgrave","TE","GB","bench"
"Magoo","Kyle Pitts","TE","ATL","bench"
"Magoo","Mason Taylor","TE","NYJ","bench"
"Magoo","Graham Gano","K","NYG","bench"
"Magoo","Greg Joseph","K","SF","bench"
"Magoo","Joshua Karty","K","LAR","bench"
"Magoo","John Parker Romo","K","NE","bench"
"Magoo","Jonathan Allen","DL","MIN","bench"
"Magoo","Jalen Carter","DL","PHI","bench"
"Magoo","Jeffery Simmons","DL","TEN","bench"
"Magoo","Chris Paul Jr.","LB","LAR","bench"
"Magoo","Payton Wilson","LB","PIT","bench"
"Magoo","Jaden Hicks","DB","KC","bench"
"Pepe Silvia","Tua Tagovailoa","QB","MIA","starter"
"Pepe Silvia","RJ Harvey","RB","DEN","starter"
"Pepe Silvia","TreVeyon Henderson","RB","NE","starter"
"Pepe Silvia","Brandon Aiyuk","WR","SF","starter"
"Pepe Silvia","D.K. Metcalf","WR","PIT","starter"
"Pepe Silvia","Calvin Ridley","WR","TEN","starter"
"Pepe Silvia","Elijah Arroyo","TE","SEA","starter"
"Pepe Silvia","Dustin Hopkins","K","CLE","starter"
"Pepe Silvia","Jadeveon Clowney","DL","CAR","starter"
"Pepe Silvia","Chris Jones","DL","KC","starter"
"Pepe Silvia","Byron Young","DL","PHI","starter"
"Pepe Silvia","T.J. Edwards","LB","CHI","starter"
"Pepe Silvia","Andrew Van Ginkel","LB","MIN","starter"
"Pepe Silvia","Trevin Wallace","LB","CAR","starter"
"Pepe Silvia","Cam Taylor-Britt","DB","CIN","starter"
"Pepe Silvia","Devon Witherspoon","DB","SEA","starter"
"Pepe Silvia","Kyle McCord","QB","PHI","bench"
"Pepe Silvia","Gardner Minshew II","QB","KC","bench"
"Pepe Silvia","Tyler Allgeier","RB","ATL","bench"
"Pepe Silvia","Ty Chandler","RB","MIN","bench"
"Pepe Silvia","Woody Marks","RB","HOU","bench"
"Pepe Silvia","Jase McClellan","RB","ATL","bench"
"Pepe Silvia","Sincere McCormick","RB","LV","bench"
"Pepe Silvia","Kalel Mullings","RB","TEN","bench"
"Pepe Silvia","Chris Rodriguez Jr.","RB","WAS","bench"
"Pepe Silvia","Brashard Smith","RB","KC","bench"
"Pepe Silvia","Marcus Yarns","RB","NO","bench"
"Pepe Silvia","Tutu Atwell","WR","LAR","bench"
"Pepe Silvia","Marquise Brown","WR","KC","bench"
"Pepe Silvia","Jermaine Burton","WR","CIN","bench"
"Pepe Silvia","Jalen Coker","WR","CAR","bench"
"Pepe Silvia","Gabriel Davis","WR","---","bench"
"Pepe Silvia","Tank Dell","WR","HOU","bench"
"Pepe Silvia","Allen Lazard","WR","NYJ","bench"
"Pepe Silvia","Jalen Nailor","WR","MIN","bench"
"Pepe Silvia","Josh Palmer","WR","BUF","bench"
"Pepe Silvia","Hayden Hurst","TE","---","bench"
"Pepe Silvia","Dawson Knox","TE","BUF","bench"
"Pepe Silvia","Jeremy Ruckert","TE","NYJ","bench"
"Pepe Silvia","Ja'Tavion Sanders","TE","CAR","bench"
"Pepe Silvia","Joey Slye","K","TEN","bench"
"Pepe Silvia","Gervon Dexter Sr.","DL","CHI","bench"
"Pepe Silvia","Da'Ron Payne","DL","WAS","bench"
"Pepe Silvia","Christian Wilkins","DL","LV","bench"
"Pepe Silvia","Divine Deablo","LB","ATL","bench"
"Pepe Silvia","Christian Harris","LB","HOU","bench"
"Pepe Silvia","Jeremy Chinn","DB","LV","bench"
"Pepe Silvia","Kerby Joseph","DB","DET","bench"
"Pepe Silvia","Riley Moss","DB","DEN","bench"
"Pepe Silvia","Byron Murphy","DB","MIN","bench"
"Pepe Silvia","Mike Sainristil","DB","WAS","bench"
"Pestilence","Lamar Jackson","QB","BAL","starter"
"Pestilence","Alvin Kamara","RB","NO","starter"
"Pestilence","Christian McCaffrey","RB","SF","starter"
"Pestilence","Ja'Marr Chase","WR","CIN","starter"
"Pestilence","Nico Collins","WR","HOU","starter"
"Pestilence","Rashee Rice","WR","KC","starter"
"Pestilence","David Njoku","TE","CLE","starter"
"Pestilence","Jake Moody","K","SF","starter"
"Pestilence","Cameron Heyward","DL","PIT","starter"
"Pestilence","Cody Barton","LB","TEN","starter"
"Pestilence","Zaire Franklin","LB","IND","starter"
"Pestilence","Harold Landry","LB","NE","starter"
"Pestilence","Khalil Mack","LB","LAC","starter"
"Pestilence","Budda Baker","DB","ARI","starter"
"Pestilence","Jessie Bates III","DB","ATL","starter"
"Pestilence","Trevon Moehrig","DB","CAR","starter"
"Pestilence","Jacoby Brissett","QB","ARI","bench"
"Pestilence","Sam Darnold","QB","SEA","bench"
"Pestilence","Michael Penix Jr.","QB","ATL","bench"
"Pestilence","Kenny Pickett","QB","CLE","bench"
"Pestilence","Shedeur Sanders","QB","CLE","bench"
"Pestilence","Zach Wilson","QB","MIA","bench"
"Pestilence","LeQuint Allen","RB","JAX","bench"
"Pestilence","Tahj Brooks","RB","CIN","bench"
"Pestilence","DeeJay Dallas","RB","ARI","bench"
"Pestilence","Khalil Herbert","RB","IND","bench"
"Pestilence","Kenny McIntosh","RB","SEA","bench"
"Pestilence","Kendre Miller","RB","NO","bench"
"Pestilence","Zack Moss","RB","CIN","bench"
"Pestilence","Dylan Sampson","RB","CLE","bench"
"Pestilence","Rashod Bateman","WR","BAL","bench"
"Pestilence","Isaiah Bond","WR","---","bench"
"Pestilence","Troy Franklin","WR","DEN","bench"
"Pestilence","Jalen McMillan","WR","TB","bench"
"Pestilence","Darnell Mooney","WR","ATL","bench"
"Pestilence","Tim Patrick","WR","DET","bench"
"Pestilence","Jalen Tolbert","WR","DAL","bench"
"Pestilence","Dontayvion Wicks","WR","GB","bench"
"Pestilence","Mike Williams","WR","LAC","bench"
"Pestilence","Savion Williams","WR","GB","bench"
"Pestilence","Austin Hooper","TE","NE","bench"
"Pestilence","Josh Oliver","TE","MIN","bench"
"Pestilence","Colby Parkinson","TE","LAR","bench"
"Pestilence","Matt Gay","K","WAS","bench"
"Pestilence","Evan McPherson","K","CIN","bench"
"Pestilence","Matt Prater","K","---","bench"
"Pestilence","Dante Fowler","DL","DAL","bench"
"Pestilence","Leonard Williams","DL","SEA","bench"
"Pestilence","DeMarvion Overshown","LB","DAL","bench"
"Pestilence","Ivan Pace Jr.","LB","MIN","bench"
"Pestilence","Damar Hamlin","DB","BUF","bench"
"Phinatics","Jayden Daniels","QB","WAS","starter"
"Phinatics","Kimani Vidal","RB","LAC","starter"
"Phinatics","Demario Douglas","WR","NE","starter"
"Phinatics","Xavier Legette","WR","CAR","starter"
"Phinatics","Malik Nabers","WR","NYG","starter"
"Phinatics","Brian Thomas Jr.","WR","JAX","starter"
"Phinatics","Colston Loveland","TE","CHI","starter"
"Phinatics","Tyler Loop","K","BAL","starter"
"Phinatics","Ruke Orhorhoro","DL","ATL","starter"
"Phinatics","Germaine Pratt","LB","LV","starter"
"Phinatics","Christian Rozeboom","LB","CAR","starter"
"Phinatics","Reed Blankenship","DB","PHI","starter"
"Phinatics","Camryn Bynum","DB","IND","starter"
"Phinatics","Rayshawn Jenkins","DB","CLE","starter"
"Phinatics","Tyrann Mathieu","DB","NO","starter"
"Phinatics","Xavier McKinney","DB","GB","starter"
"Phinatics","Taylor Heinicke","QB","LAC","bench"
"Phinatics","Riley Leonard","QB","IND","bench"
"Phinatics","J.J. McCarthy","QB","MIN","bench"
"Phinatics","Spencer Rattler","QB","NO","bench"
"Phinatics","Emari Demercado","RB","ARI","bench"
"Phinatics","Jordan James","RB","SF","bench"
"Phinatics","Jamaal Williams","RB","---","bench"
"Phinatics","Emanuel Wilson","RB","GB","bench"
"Phinatics","Odell Beckham Jr.","WR","---","bench"
"Phinatics","Jake Bobo","WR","SEA","bench"
"Phinatics","Luther Burden III","WR","CHI","bench"
"Phinatics","Efton Chism III","WR","NE","bench"
"Phinatics","Derius Davis","WR","LAC","bench"
"Phinatics","Simi Fehoko","WR","ARI","bench"
"Phinatics","Ryan Flournoy","WR","DAL","bench"
"Phinatics","Xavier Gipson","WR","NYJ","bench"
"Phinatics","Luke McCaffrey","WR","WAS","bench"
"Phinatics","Bo Melton","WR","GB","bench"
"Phinatics","Jaylin Noel","WR","HOU","bench"
"Phinatics","Alec Pierce","WR","IND","bench"
"Phinatics","Ja'Lynn Polk","WR","NE","bench"
"Phinatics","Xavier Restrepo","WR","TEN","bench"
"Phinatics","Brenden Rice","WR","LAC","bench"
"Phinatics","Demarcus Robinson","WR","SF","bench"
"Phinatics","Isaac TeSlaa","WR","DET","bench"
"Phinatics","KaVontae Turpin","WR","DAL","bench"
"Phinatics","Nick Westbrook-Ikhine","WR","MIA","bench"
"Phinatics","Payne Durham","TE","TB","bench"
"Phinatics","Jackson Hawes","TE","BUF","bench"
"Phinatics","Drew Sample","TE","CIN","bench"
"Phinatics","Stone Smartt","TE","NYJ","bench"
"Phinatics","Darren Waller","TE","MIA","bench"
"Phinatics","Aaron Donald","DL","LAR","bench"
"Phinatics","Ashton Gillotte","DL","KC","bench"
"Phinatics","Alex Anzalone","LB","DET","bench"
"Phinatics","Cody Simon","LB","ARI","bench"
"Phinatics","Danny Stutsman","LB","NO","bench"
"Scalp Hunters","Baker Mayfield","QB","TB","starter"
"Scalp Hunters","Devon Achane","RB","MIA","starter"
"Scalp Hunters","Jerome Ford","RB","CLE","starter"
"Scalp Hunters","Brian Robinson Jr.","RB","WAS","starter"
"Scalp Hunters","Mike Evans","WR","TB","starter"
"Scalp Hunters","Zay Flowers","WR","BAL","starter"
"Scalp Hunters","T.J. Hockenson","TE","MIN","starter"
"Scalp Hunters","Chase McLaughlin","K","TB","starter"
"Scalp Hunters","Braden Fiske","DL","LAR","starter"
"Scalp Hunters","Myles Garrett","DL","CLE","starter"
"Scalp Hunters","Jordyn Brooks","LB","MIA","starter"
"Scalp Hunters","Demario Davis","LB","NO","starter"
"Scalp Hunters","Derwin James","DB","LAC","starter"
"Scalp Hunters","Patrick Surtain II","DB","DEN","starter"
"Scalp Hunters","Trevor Lawrence","QB","JAX","bench"
"Scalp Hunters","Tommy Mellott","QB","LV","bench"
"Scalp Hunters","C.J. Stroud","QB","HOU","bench"
"Scalp Hunters","Audric Estime","RB","DEN","bench"
"Scalp Hunters","Trevor Etienne","RB","CAR","bench"
"Scalp Hunters","Jaleel McLaughlin","RB","DEN","bench"
"Scalp Hunters","Calvin Austin III","WR","PIT","bench"
"Scalp Hunters","Keon Coleman","WR","BUF","bench"
"Scalp Hunters","Chimere Dike","WR","TEN","bench"
"Scalp Hunters","Josh Downs","WR","IND","bench"
"Scalp Hunters","Emeka Egbuka","WR","TB","bench"
"Scalp Hunters","Jayden Higgins","WR","HOU","bench"
"Scalp Hunters","DeAndre Hopkins","WR","BAL","bench"
"Scalp Hunters","Ricky Pearsall","WR","SF","bench"
"Scalp Hunters","Adam Thielen","WR","CAR","bench"
"Scalp Hunters","Jordan Watkins","WR","SF","bench"
"Scalp Hunters","Ricky White III","WR","SEA","bench"
"Scalp Hunters","Tyler Conklin","TE","LAC","bench"
"Scalp Hunters","Gunnar Helm","TE","TEN","bench"
"Scalp Hunters","Theo Johnson","TE","NYG","bench"
"Scalp Hunters","Brenton Strange","TE","JAX","bench"
"Scalp Hunters","Tyler Warren","TE","IND","bench"
"Scalp Hunters","Jake Elliott","K","PHI","bench"
"Scalp Hunters","Derrick Harmon","DL","PIT","bench"
"Scalp Hunters","Laiatu Latu","DL","IND","bench"
"Scalp Hunters","Josh Sweat","DL","ARI","bench"
"Scalp Hunters","Tuli Tuipulotu","DL","LAC","bench"
"Scalp Hunters","Barrett Carter","LB","CIN","bench"
"Scalp Hunters","Marist Liufau","LB","DAL","bench"
"Scalp Hunters","Kenneth Murray","LB","DAL","bench"
"Scalp Hunters","Jalon Walker","LB","ATL","bench"
"Scalp Hunters","Pete Werner","LB","NO","bench"
"Scalp Hunters","Cole Bishop","DB","BUF","bench"
"Scalp Hunters","Julius Brents","DB","IND","bench"
"Scalp Hunters","Will Johnson","DB","ARI","bench"
"Scalp Hunters","Kamren Kinchens","DB","LAR","bench"
"Scalp Hunters","Malik Mustapha","DB","SF","bench"
"Scalp Hunters","Tyler Nubin","DB","NYG","bench"
"Scalp Hunters","Azareye'h Thomas","DB","NYJ","bench"
"THE Great Chewbaccas","Kyler Murray","QB","ARI","starter"
"THE Great Chewbaccas","Rachaad White","RB","TB","starter"
"THE Great Chewbaccas","Travis Hunter","WR","JAX","starter"
"THE Great Chewbaccas","Rome Odunze","WR","CHI","starter"
"THE Great Chewbaccas","George Pickens","WR","DAL","starter"
"THE Great Chewbaccas","Mark Andrews","TE","BAL","starter"
"THE Great Chewbaccas","Dalton Schultz","TE","HOU","starter"
"THE Great Chewbaccas","Jason Myers","K","SEA","starter"
"THE Great Chewbaccas","Will Anderson Jr.","DL","HOU","starter"
"THE Great Chewbaccas","Nick Bosa","DL","SF","starter"
"THE Great Chewbaccas","Micah Parsons","DL","DAL","starter"
"THE Great Chewbaccas","Kwity Paye","DL","IND","starter"
"THE Great Chewbaccas","D.J. Wonnum","DL","CAR","starter"
"THE Great Chewbaccas","Patrick Queen","LB","PIT","starter"
"THE Great Chewbaccas","Carlton Davis","DB","NE","starter"
"THE Great Chewbaccas","Jaxson Dart","QB","NYG","bench"
"THE Great Chewbaccas","Quinn Ewers","QB","MIA","bench"
"THE Great Chewbaccas","Tanner McKee","QB","PHI","bench"
"THE Great Chewbaccas","Brock Purdy","QB","SF","bench"
"THE Great Chewbaccas","Anthony Richardson","QB","IND","bench"
"THE Great Chewbaccas","Aaron Rodgers","QB","PIT","bench"
"THE Great Chewbaccas","Cooper Rush","QB","BAL","bench"
"THE Great Chewbaccas","Tyler Badie","RB","DEN","bench"
"THE Great Chewbaccas","Donovan Edwards","RB","NYJ","bench"
"THE Great Chewbaccas","Gus Edwards","RB","---","bench"
"THE Great Chewbaccas","Frank Gore Jr.","RB","BUF","bench"
"THE Great Chewbaccas","Justice Hill","RB","BAL","bench"
"THE Great Chewbaccas","Montrell Johnson Jr.","RB","PHI","bench"
"THE Great Chewbaccas","Damien Martinez","RB","SEA","bench"
"THE Great Chewbaccas","Elijah Mitchell","RB","KC","bench"
"THE Great Chewbaccas","Raheem Mostert","RB","LV","bench"
"THE Great Chewbaccas","Ronnie Rivers","RB","LAR","bench"
"THE Great Chewbaccas","Russell Gage","WR","SF","bench"
"THE Great Chewbaccas","Tyler Johnson","WR","NYJ","bench"
"THE Great Chewbaccas","A.T. Perry","WR","DEN","bench"
"THE Great Chewbaccas","Darius Slayton","WR","NYG","bench"
"THE Great Chewbaccas","Kyle Williams","WR","NE","bench"
"THE Great Chewbaccas","Olamide Zaccheaus","WR","CHI","bench"
"THE Great Chewbaccas","Jake Briningstool","TE","KC","bench"
"THE Great Chewbaccas","Will Dissly","TE","LAC","bench"
"THE Great Chewbaccas","Luke Farrell","TE","SF","bench"
"THE Great Chewbaccas","Oronde Gadsden II","TE","LAC","bench"
"THE Great Chewbaccas","Peyton Hendershot","TE","---","bench"
"THE Great Chewbaccas","Lucas Krull","TE","DEN","bench"
"THE Great Chewbaccas","Cade Stover","TE","HOU","bench"
"THE Great Chewbaccas","Logan Thomas","TE","SF","bench"
"THE Great Chewbaccas","Jared Wiley","TE","KC","bench"
"THE Great Chewbaccas","Brock Wright","TE","DET","bench"
"THE Great Chewbaccas","Younghoe Koo","K","ATL","bench"
"THE Great Chewbaccas","Cade York","K","---","bench"
"THE Great Chewbaccas","Jordan Hicks","LB","CLE","bench"
"THE Great Chewbaccas","Drue Tranquill","LB","KC","bench"
"THE Great Chewbaccas","Grant Delpit","DB","CLE","bench"
